{"branches": 63.04347826086957, "coverage": 76.06382978723404}