{"branches": 76.31578947368422, "coverage": 74.03560830860533}